{"CHUNKS":{"-1~-1":"-1~-1.chunkdata","-1~0":"-1~0.chunkdata","-2~-1":"-2~-1.chunkdata","-2~0":"-2~0.chunkdata","0~-1":"0~-1.chunkdata","0~0":"0~0.chunkdata","1~-1":"1~-1.chunkdata","1~0":"1~0.chunkdata"},"CHUNK_X_SIZE":16,"CHUNK_Y_SIZE":16,"DO_DYNAMIC_WORLDGEN":true,"ENTITIES":["entities.player","entities.zombie","entities.cactus_boss","entities.projectiles.cactus_boss_rattle"],"GAMETIME":1542,"GTILES":["gtiles.grass","gtiles.water","gtiles.dirt","gtiles.stone","gtiles.hematite_ore","gtiles.sand","gtiles.malachite_ore","gtiles.azurite_ore","gtiles.magnetite_ore"],"HAS_QUESTS":true,"ITEMS":["items.grass","items.dirt","items.tools.axe","items.stone","items.magnetite_chunk","items.stick","items.sand","items.tools.shovel","items.tools.pickaxe","items.sword","items.gun","items.berry","items.burner_furnace_mk1","items.anthracite_coal_chunk","items.lignite_coal_chunk","items.sapling","items.malachite_chunk","items.azurite_chunk","items.hematite_chunk","items.lodestone","items.fence","items.torch","items.log","items.flask"],"NAME":"","SEED":625929536,"TILES":["tiles.stone_brick_wall","tiles.air","tiles.tree","tiles.torch","tiles.berry_bush","tiles.fence","tiles.burner_furnace_mk1","tiles.brick_wall"],"VERSION":"ALPHA 1.14","VER_MAJOR":0,"VER_MINOR":0}