{"CHUNK_X_SIZE":16,"CHUNK_Y_SIZE":16,"DO_DYNAMIC_WORLDGEN":true,"GTILES":["gtiles.grass","gtiles.water","gtiles.dirt","gtiles.stone","gtiles.hematite_ore","gtiles.sand","gtiles.malachite_ore","gtiles.azurite_ore","gtiles.magnetite_ore"],"ITEMS":["items.grass","items.dirt","items.tools.axe","items.stone","items.magnetite_chunk","items.stick","items.sand","items.tools.shovel","items.tools.pickaxe","items.sword","items.gun","items.berry","items.coal","items.malachite_chunk","items.azurite_chunk","items.hematite_chunk","items.lodestone"],"NAME":"New World","SEED":1692144946,"TILES":["tiles.air","tiles.tree","tiles.berry_bush","tiles.fence"],"VERSION":"ALPHA 1.6","VER_MAJOR":0,"VER_MINOR":0}